"Method","Endpoint","OperationId","Tags","Summary","ResponseCodes","RequestSchema","CurrentStatus","FrontendUsage","DatabaseEntity","RequiredAction"
"GET","/analytics/accountability/responsibility-preview","responsibilityPreview","accountability-responsibility-controller",,"200","","DOCUMENTED","TO_VERIFY","TO_IDENTIFY","TO_REVIEW"
"GET","/analytics/adoption/readiness-preview","readinessPreview","educational-adoption-readiness-controller",,"200","","DOCUMENTED","TO_VERIFY","TO_IDENTIFY","TO_REVIEW"
"GET","/analytics/architecture/adr-preview","adrPreview","architecture-decision-records-controller",,"200","","DOCUMENTED","TO_VERIFY","TO_IDENTIFY","TO_REVIEW"
"GET","/analytics/architecture/bounded-context-preview","boundedContextPreview","bounded-context-modular-design-controller",,"200","","DOCUMENTED","TO_VERIFY","TO_IDENTIFY","TO_REVIEW"
"GET","/analytics/architecture/documentation-preview","documentationPreview","architecture-documentation-controller",,"200","","DOCUMENTED","TO_VERIFY","TO_IDENTIFY","TO_REVIEW"
"GET","/analytics/architecture/evaluation-matrix-preview","evaluationMatrixPreview","architecture-evaluation-matrix-controller",,"200","","DOCUMENTED","TO_VERIFY","TO_IDENTIFY","TO_REVIEW"
"GET","/analytics/architecture/governance-preview","governancePreview_1","enterprise-architecture-governance-controller",,"200","","DOCUMENTED","TO_VERIFY","TO_IDENTIFY","TO_REVIEW"
"GET","/analytics/architecture/remediation-roadmap-preview","remediationRoadmapPreview","architecture-remediation-roadmap-controller",,"200","","DOCUMENTED","TO_VERIFY","TO_IDENTIFY","TO_REVIEW"
"GET","/analytics/compliance/educational-preview","educationalPreview_3","educational-compliance-controller",,"200","","DOCUMENTED","TO_VERIFY","TO_IDENTIFY","TO_REVIEW"
"GET","/analytics/data-protection/privacy-preview","privacyPreview","educational-data-protection-controller",,"200","","DOCUMENTED","TO_VERIFY","TO_IDENTIFY","TO_REVIEW"
"GET","/analytics/deployment/docker-compose-preview","dockerComposePreview","docker-compose-deployment-controller",,"200","","DOCUMENTED","TO_VERIFY","TO_IDENTIFY","TO_REVIEW"
"GET","/analytics/deployment/dockerfile-preview","dockerfilePreview","dockerfile-hardening-controller",,"200","","DOCUMENTED","TO_VERIFY","TO_IDENTIFY","TO_REVIEW"
"GET","/analytics/deployment/health-check-preview","healthCheckPreview","deployment-health-check-controller",,"200","","DOCUMENTED","TO_VERIFY","TO_IDENTIFY","TO_REVIEW"
"GET","/analytics/deployment/kubernetes-readiness-preview","kubernetesReadinessPreview","kubernetes-readiness-controller",,"200","","DOCUMENTED","TO_VERIFY","TO_IDENTIFY","TO_REVIEW"
"GET","/analytics/doctoral/contribution-preview","contributionPreview","doctoral-contribution-controller",,"200","","DOCUMENTED","TO_VERIFY","TO_IDENTIFY","TO_REVIEW"
"GET","/analytics/doctoral/review-package-preview","reviewPackagePreview","doctoral-review-package-controller",,"200","","DOCUMENTED","TO_VERIFY","TO_IDENTIFY","TO_REVIEW"
"GET","/analytics/doctoral/thesis-readiness-preview","thesisReadinessPreview","doctoral-thesis-readiness-controller",,"200","","DOCUMENTED","TO_VERIFY","TO_IDENTIFY","TO_REVIEW"
"GET","/analytics/evaluation/metrics-preview","metricsPreview","educational-evaluation-metrics-controller",,"200","","DOCUMENTED","TO_VERIFY","TO_IDENTIFY","TO_REVIEW"
"GET","/analytics/evidence/traceability-preview","traceabilityPreview","doctoral-evidence-traceability-controller",,"200","","DOCUMENTED","TO_VERIFY","TO_IDENTIFY","TO_REVIEW"
"GET","/analytics/fairness/bias-assessment-preview","biasAssessmentPreview","bias-fairness-research-controller",,"200","","DOCUMENTED","TO_VERIFY","TO_IDENTIFY","TO_REVIEW"
"GET","/analytics/governance/policy-preview","policyPreview","governance-research-controller",,"200","","DOCUMENTED","TO_VERIFY","TO_IDENTIFY","TO_REVIEW"
"GET","/analytics/human-centered/assistance-preview","assistancePreview","human-centered-assistance-controller",,"200","","DOCUMENTED","TO_VERIFY","TO_IDENTIFY","TO_REVIEW"
"GET","/analytics/impact/educational-preview","educationalPreview_2","educational-impact-controller",,"200","","DOCUMENTED","TO_VERIFY","TO_IDENTIFY","TO_REVIEW"
"GET","/analytics/observability/operational-preview","operationalPreview_1","operational-observability-controller",,"200","","DOCUMENTED","TO_VERIFY","TO_IDENTIFY","TO_REVIEW"
"GET","/analytics/openapi/artifact-preview","artifactPreview","open-api-artifact-export-controller",,"200","","DOCUMENTED","TO_VERIFY","TO_IDENTIFY","TO_REVIEW"
"GET","/analytics/openapi/governance-preview","governancePreview","open-api-governance-controller",,"200","","DOCUMENTED","TO_VERIFY","TO_IDENTIFY","TO_REVIEW"
"GET","/analytics/openapi/lifecycle-preview","lifecyclePreview","api-lifecycle-governance-controller",,"200","","DOCUMENTED","TO_VERIFY","TO_IDENTIFY","TO_REVIEW"
"GET","/analytics/openapi/security-governance-preview","securityGovernancePreview","api-security-governance-controller",,"200","","DOCUMENTED","TO_VERIFY","TO_IDENTIFY","TO_REVIEW"
"GET","/analytics/openapi/versioning-preview","versioningPreview","open-api-versioning-controller",,"200","","DOCUMENTED","TO_VERIFY","TO_IDENTIFY","TO_REVIEW"
"GET","/analytics/pilot/validation-readiness-preview","validationReadinessPreview","pilot-validation-readiness-controller",,"200","","DOCUMENTED","TO_VERIFY","TO_IDENTIFY","TO_REVIEW"
"GET","/analytics/quality/api-versioning-preview","apiVersioningPreview","api-versioning-readiness-controller",,"200","","DOCUMENTED","TO_VERIFY","TO_IDENTIFY","TO_REVIEW"
"GET","/analytics/quality/backend-compliance-preview","backendCompliancePreview","backend-quality-compliance-controller",,"200","","DOCUMENTED","TO_VERIFY","TO_IDENTIFY","TO_REVIEW"
"GET","/analytics/quality/cicd-preview","ciCdPreview","ci-cd-pipeline-readiness-controller",,"200","","DOCUMENTED","TO_VERIFY","TO_IDENTIFY","TO_REVIEW"
"GET","/analytics/quality/deployment-readiness-preview","deploymentReadinessPreview","deployment-readiness-controller",,"200","","DOCUMENTED","TO_VERIFY","TO_IDENTIFY","TO_REVIEW"
"GET","/analytics/quality/devsecops-preview","devSecOpsPreview","dev-sec-ops-quality-controller",,"200","","DOCUMENTED","TO_VERIFY","TO_IDENTIFY","TO_REVIEW"
"GET","/analytics/quality/openapi-contract-preview","openApiContractPreview","open-api-contract-compliance-controller",,"200","","DOCUMENTED","TO_VERIFY","TO_IDENTIFY","TO_REVIEW"
"GET","/analytics/research/ethics-readiness-preview","ethicsReadinessPreview","ethics-readiness-controller",,"200","","DOCUMENTED","TO_VERIFY","TO_IDENTIFY","TO_REVIEW"
"GET","/analytics/research/experimental-design-preview","experimentalDesignPreview","experimental-research-controller",,"200","","DOCUMENTED","TO_VERIFY","TO_IDENTIFY","TO_REVIEW"
"GET","/analytics/research/expert-validation-preview","expertValidationPreview","expert-validation-controller",,"200","","DOCUMENTED","TO_VERIFY","TO_IDENTIFY","TO_REVIEW"
"GET","/analytics/research/instruments-validation-preview","instrumentsValidationPreview","research-instruments-validation-controller",,"200","","DOCUMENTED","TO_VERIFY","TO_IDENTIFY","TO_REVIEW"
"GET","/analytics/research/validation-preview","validationPreview","validation-research-controller",,"200","","DOCUMENTED","TO_VERIFY","TO_IDENTIFY","TO_REVIEW"
"GET","/analytics/resilience/operational-preview","operationalPreview","educational-resilience-controller",,"200","","DOCUMENTED","TO_VERIFY","TO_IDENTIFY","TO_REVIEW"
"GET","/analytics/risk-management/educational-preview","educationalPreview_1","educational-risk-management-controller",,"200","","DOCUMENTED","TO_VERIFY","TO_IDENTIFY","TO_REVIEW"
"GET","/analytics/security/dependency-scan-preview","dependencyScanPreview","dependency-vulnerability-scan-controller",,"200","","DOCUMENTED","TO_VERIFY","TO_IDENTIFY","TO_REVIEW"
"GET","/analytics/security/repository-hygiene-preview","repositoryHygienePreview","repository-hygiene-controller",,"200","","DOCUMENTED","TO_VERIFY","TO_IDENTIFY","TO_REVIEW"
"GET","/analytics/security/runtime-config-preview","runtimeConfigPreview","secure-runtime-configuration-controller",,"200","","DOCUMENTED","TO_VERIFY","TO_IDENTIFY","TO_REVIEW"
"GET","/analytics/security/secrets-governance-preview","secretsGovernancePreview","secrets-governance-controller",,"200","","DOCUMENTED","TO_VERIFY","TO_IDENTIFY","TO_REVIEW"
"GET","/analytics/sustainability/educational-preview","educationalPreview","educational-sustainability-controller",,"200","","DOCUMENTED","TO_VERIFY","TO_IDENTIFY","TO_REVIEW"
"GET","/analytics/transparency/disclosure-preview","disclosurePreview","educational-transparency-controller",,"200","","DOCUMENTED","TO_VERIFY","TO_IDENTIFY","TO_REVIEW"
"GET","/analytics/trustworthiness/assessment-preview","assessmentPreview","trustworthiness-research-controller",,"200","","DOCUMENTED","TO_VERIFY","TO_IDENTIFY","TO_REVIEW"
"GET","/analytics/validation/report-preview","reportPreview","validation-report-preview-controller",,"200","","DOCUMENTED","TO_VERIFY","TO_IDENTIFY","TO_REVIEW"
"GET","/analytics/xai/explainability-preview","explainabilityPreview","explainability-research-controller",,"200","","DOCUMENTED","TO_VERIFY","TO_IDENTIFY","TO_REVIEW"
"GET","/api/v1/adaptation/history/{studentId}","getStudentHistory","adaptation-query-controller",,"200","","DOCUMENTED","TO_VERIFY","TO_IDENTIFY","TO_REVIEW"
"GET","/api/v1/adaptive/students/{studentId}","generateForStudent_1","adaptive-learning-plan-controller",,"200","","DOCUMENTED","TO_VERIFY","TO_IDENTIFY","TO_REVIEW"
"GET","/api/v1/adaptive/students/{studentId}/history","historyByStudent","adaptive-learning-plan-controller",,"200","","DOCUMENTED","TO_VERIFY","TO_IDENTIFY","TO_REVIEW"
"GET","/api/v1/analytics/research/kolb/distribution","kolbDistribution","research-analytics-controller",,"200","","DOCUMENTED","TO_VERIFY","TO_IDENTIFY","TO_REVIEW"
"GET","/api/v1/analytics/research/kolb/statistics","kolbStatistics","research-analytics-controller",,"200","","DOCUMENTED","TO_VERIFY","TO_IDENTIFY","TO_REVIEW"
"GET","/api/v1/analytics/research/summary","researchSummary","research-analytics-controller",,"200","","DOCUMENTED","TO_VERIFY","TO_IDENTIFY","TO_REVIEW"
"GET","/api/v1/assessment-definitions","findAll_2","assessment-definition-controller",,"200","","DOCUMENTED","TO_VERIFY","TO_IDENTIFY","TO_REVIEW"
"GET","/api/v1/assessment-definitions/{code}","findByCode","assessment-definition-controller",,"200","","DOCUMENTED","TO_VERIFY","TO_IDENTIFY","TO_REVIEW"
"POST","/api/v1/assessment-responses","submit_3","assessment-response-controller",,"200","#/components/schemas/AssessmentResponseRequest","DOCUMENTED","TO_VERIFY","TO_IDENTIFY","TO_REVIEW"
"GET","/api/v1/assessment-responses/{id}","findById_1","assessment-response-controller",,"200","","DOCUMENTED","TO_VERIFY","TO_IDENTIFY","TO_REVIEW"
"GET","/api/v1/assessment-responses/students/{studentId}","findByStudentId_4","assessment-response-controller",,"200","","DOCUMENTED","TO_VERIFY","TO_IDENTIFY","TO_REVIEW"
"POST","/api/v1/assessments/felder-silverman","submit_2","felder-silverman-assessment-controller",,"200","#/components/schemas/FelderSilvermanAssessmentRequest","DOCUMENTED","TO_VERIFY","TO_IDENTIFY","TO_REVIEW"
"GET","/api/v1/assessments/felder-silverman/students/{studentId}","findByStudentId_3","felder-silverman-assessment-controller",,"200","","DOCUMENTED","TO_VERIFY","TO_IDENTIFY","TO_REVIEW"
"POST","/api/v1/assessments/kolb","submit_1","kolb-assessment-controller",,"200","#/components/schemas/KolbAssessmentRequest","DOCUMENTED","TO_VERIFY","TO_IDENTIFY","TO_REVIEW"
"GET","/api/v1/assessments/kolb/ping","ping","kolb-assessment-controller",,"200","","DOCUMENTED","TO_VERIFY","TO_IDENTIFY","TO_REVIEW"
"GET","/api/v1/assessments/kolb/students/{studentId}","findByStudentId_2","kolb-assessment-controller",,"200","","DOCUMENTED","TO_VERIFY","TO_IDENTIFY","TO_REVIEW"
"POST","/api/v1/assessments/kuder","submit","kuder-assessment-controller",,"200","#/components/schemas/KuderAssessmentRequest","DOCUMENTED","TO_VERIFY","TO_IDENTIFY","TO_REVIEW"
"GET","/api/v1/assessments/kuder/students/{studentId}","findByStudentId_1","kuder-assessment-controller",,"200","","DOCUMENTED","TO_VERIFY","TO_IDENTIFY","TO_REVIEW"
"GET","/api/v1/characterizations/{studentId}","characterizeStudent","student-characterization-controller",,"200","","DOCUMENTED","TO_VERIFY","TO_IDENTIFY","TO_REVIEW"
"GET","/api/v1/education/student-support","studentSupport","educational-support-controller",,"200","","DOCUMENTED","TO_VERIFY","TO_IDENTIFY","TO_REVIEW"
"GET","/api/v1/feature-store/students/{studentId}","findByStudent","feature-store-controller",,"200","","DOCUMENTED","TO_VERIFY","TO_IDENTIFY","TO_REVIEW"
"POST","/api/v1/feature-store/students/{studentId}/rebuild","rebuild","feature-store-controller",,"200","","DOCUMENTED","TO_VERIFY","TO_IDENTIFY","TO_REVIEW"
"POST","/api/v1/fieldwork/consents","registerConsent","fieldwork-controller",,"201","#/components/schemas/ConsentRequest","DOCUMENTED","TO_VERIFY","TO_IDENTIFY","TO_REVIEW"
"POST","/api/v1/fieldwork/participants","createParticipant","fieldwork-controller",,"201","#/components/schemas/ParticipantRequest","DOCUMENTED","TO_VERIFY","TO_IDENTIFY","TO_REVIEW"
"GET","/api/v1/fieldwork/readiness","readiness","fieldwork-controller",,"200","","DOCUMENTED","TO_VERIFY","TO_IDENTIFY","TO_REVIEW"
"GET","/api/v1/interventions/students/{studentId}","findByStudentId","educational-intervention-controller",,"200","","DOCUMENTED","TO_VERIFY","TO_IDENTIFY","TO_REVIEW"
"GET","/api/v1/ml/experiments","findAll_1","ml-experiment-controller",,"200","","DOCUMENTED","TO_VERIFY","TO_IDENTIFY","TO_REVIEW"
"GET","/api/v1/ml/experiments/algorithm/{algorithm}","findByAlgorithm","ml-experiment-controller",,"200","","DOCUMENTED","TO_VERIFY","TO_IDENTIFY","TO_REVIEW"
"GET","/api/v1/recommendations/student/{studentId}","byStudent","recommendation-controller",,"200","","DOCUMENTED","TO_VERIFY","TO_IDENTIFY","TO_REVIEW"
"GET","/api/v1/recommendations/students/{studentId}","generateForStudent","educational-recommendation-controller",,"200","","DOCUMENTED","TO_VERIFY","TO_IDENTIFY","TO_REVIEW"
"GET","/api/v1/students","findAll","student-profile-controller",,"200","","DOCUMENTED","TO_VERIFY","TO_IDENTIFY","TO_REVIEW"
"POST","/api/v1/students","create","student-profile-controller",,"200","#/components/schemas/StudentProfileRequest","DOCUMENTED","TO_VERIFY","TO_IDENTIFY","TO_REVIEW"
"GET","/api/v1/students/{id}","findById","student-profile-controller",,"200","","DOCUMENTED","TO_VERIFY","TO_IDENTIFY","TO_REVIEW"
"PUT","/api/v1/students/{id}","update","student-profile-controller",,"200","#/components/schemas/StudentProfileRequest","DOCUMENTED","TO_VERIFY","TO_IDENTIFY","TO_REVIEW"
"GET","/api/v1/students/{studentId}/assessment-history","findStudentAssessmentHistory","assessment-history-controller",,"200","","DOCUMENTED","TO_VERIFY","TO_IDENTIFY","TO_REVIEW"
"GET","/api/v1/students/{studentId}/assessment-history/{assessmentCode}","findStudentAssessmentHistoryByCode","assessment-history-controller",,"200","","DOCUMENTED","TO_VERIFY","TO_IDENTIFY","TO_REVIEW"
"GET","/api/v1/students/{studentId}/timeline","findStudentTimeline","assessment-history-controller",,"200","","DOCUMENTED","TO_VERIFY","TO_IDENTIFY","TO_REVIEW"
