"Path","LineNumber","Line"
"C:\TEAC2026\ilp_backend\ResourceService.java","11","@Service"
"C:\TEAC2026\ilp_backend\ResourceService.java","12","public class ResourceService {"
"C:\TEAC2026\ilp_backend\_legacy_backup_2026_01__IGNORED\service\TenantService.java","9","@Service"
"C:\TEAC2026\ilp_backend\_legacy_backup_2026_01__IGNORED\service\TenantService.java","10","public class TenantService {"
"C:\TEAC2026\ilp_backend\_legacy_backup_2026_01__IGNORED\src\main\java\com\inclusive\learning\commons\entity\service\ResourceService.java","9","@Service"
"C:\TEAC2026\ilp_backend\_legacy_backup_2026_01__IGNORED\src\main\java\com\inclusive\learning\commons\entity\service\ResourceService.java","10","public class ResourceService {"
"C:\TEAC2026\ilp_backend\adaptive-education-service\src\main\java\com\inclusive\adaptiveeducationservice\AdaptiveEducationServiceApplication.java","7","public class AdaptiveEducationServiceApplication {"
"C:\TEAC2026\ilp_backend\adaptive-education-service\src\main\java\com\inclusive\adaptiveeducationservice\adaptive\service\AdaptiveLearningPlanService.java","16","@Service"
"C:\TEAC2026\ilp_backend\adaptive-education-service\src\main\java\com\inclusive\adaptiveeducationservice\adaptive\service\AdaptiveLearningPlanService.java","17","public class AdaptiveLearningPlanService {"
"C:\TEAC2026\ilp_backend\adaptive-education-service\src\main\java\com\inclusive\adaptiveeducationservice\application\ports\input\CharacterizeStudentUseCase.java","5","public interface CharacterizeStudentUseCase {"
"C:\TEAC2026\ilp_backend\adaptive-education-service\src\main\java\com\inclusive\adaptiveeducationservice\application\usecase\impl\CharacterizeStudentUseCaseImpl.java","8","@Service"
"C:\TEAC2026\ilp_backend\adaptive-education-service\src\main\java\com\inclusive\adaptiveeducationservice\assessment\service\FelderSilvermanAssessmentService.java","17","@Service"
"C:\TEAC2026\ilp_backend\adaptive-education-service\src\main\java\com\inclusive\adaptiveeducationservice\assessment\service\FelderSilvermanAssessmentService.java","18","public class FelderSilvermanAssessmentService {"
"C:\TEAC2026\ilp_backend\adaptive-education-service\src\main\java\com\inclusive\adaptiveeducationservice\assessment\service\KolbAssessmentService.java","17","@Service"
"C:\TEAC2026\ilp_backend\adaptive-education-service\src\main\java\com\inclusive\adaptiveeducationservice\assessment\service\KolbAssessmentService.java","18","public class KolbAssessmentService {"
"C:\TEAC2026\ilp_backend\adaptive-education-service\src\main\java\com\inclusive\adaptiveeducationservice\assessment\service\KuderAssessmentService.java","17","@Service"
"C:\TEAC2026\ilp_backend\adaptive-education-service\src\main\java\com\inclusive\adaptiveeducationservice\assessment\service\KuderAssessmentService.java","18","public class KuderAssessmentService {"
"C:\TEAC2026\ilp_backend\adaptive-education-service\src\main\java\com\inclusive\adaptiveeducationservice\assessmentdefinition\service\AssessmentDefinitionService.java","16","@Service"
"C:\TEAC2026\ilp_backend\adaptive-education-service\src\main\java\com\inclusive\adaptiveeducationservice\assessmentdefinition\service\AssessmentDefinitionService.java","17","public class AssessmentDefinitionService {"
"C:\TEAC2026\ilp_backend\adaptive-education-service\src\main\java\com\inclusive\adaptiveeducationservice\assessmenthistory\service\AssessmentHistoryService.java","15","@Service"
"C:\TEAC2026\ilp_backend\adaptive-education-service\src\main\java\com\inclusive\adaptiveeducationservice\assessmenthistory\service\AssessmentHistoryService.java","16","public class AssessmentHistoryService {"
"C:\TEAC2026\ilp_backend\adaptive-education-service\src\main\java\com\inclusive\adaptiveeducationservice\assessmentresponse\service\AssessmentResponseService.java","20","@Service"
"C:\TEAC2026\ilp_backend\adaptive-education-service\src\main\java\com\inclusive\adaptiveeducationservice\assessmentresponse\service\AssessmentResponseService.java","21","public class AssessmentResponseService {"
"C:\TEAC2026\ilp_backend\adaptive-education-service\src\main\java\com\inclusive\adaptiveeducationservice\dataset\service\EducationalDatasetService.java","11","@Service"
"C:\TEAC2026\ilp_backend\adaptive-education-service\src\main\java\com\inclusive\adaptiveeducationservice\dataset\service\EducationalDatasetService.java","12","public class EducationalDatasetService {"
"C:\TEAC2026\ilp_backend\adaptive-education-service\src\main\java\com\inclusive\adaptiveeducationservice\domain\adaptation\service\AdaptiveDecisionServiceImpl.java","4","@Service"
"C:\TEAC2026\ilp_backend\adaptive-education-service\src\main\java\com\inclusive\adaptiveeducationservice\domain\adaptation\service\AdaptiveDecisionServiceImpl.java","5","public class AdaptiveDecisionServiceImpl {"
"C:\TEAC2026\ilp_backend\adaptive-education-service\src\main\java\com\inclusive\adaptiveeducationservice\education\service\EducationalSupportService.java","8","@Service"
"C:\TEAC2026\ilp_backend\adaptive-education-service\src\main\java\com\inclusive\adaptiveeducationservice\education\service\EducationalSupportService.java","9","public class EducationalSupportService {"
"C:\TEAC2026\ilp_backend\adaptive-education-service\src\main\java\com\inclusive\adaptiveeducationservice\featurestore\service\FeatureStoreService.java","14","@Service"
"C:\TEAC2026\ilp_backend\adaptive-education-service\src\main\java\com\inclusive\adaptiveeducationservice\featurestore\service\FeatureStoreService.java","15","public class FeatureStoreService {"
"C:\TEAC2026\ilp_backend\adaptive-education-service\src\main\java\com\inclusive\adaptiveeducationservice\fieldwork\service\FieldworkService.java","14","@Service"
"C:\TEAC2026\ilp_backend\adaptive-education-service\src\main\java\com\inclusive\adaptiveeducationservice\fieldwork\service\FieldworkService.java","15","public class FieldworkService {"
"C:\TEAC2026\ilp_backend\adaptive-education-service\src\main\java\com\inclusive\adaptiveeducationservice\infrastructure\service\AdaptiveInferenceEngine.java","9","@Service"
"C:\TEAC2026\ilp_backend\adaptive-education-service\src\main\java\com\inclusive\adaptiveeducationservice\infrastructure\service\DeepLearningCharacterizationClient.java","5","@Service"
"C:\TEAC2026\ilp_backend\adaptive-education-service\src\main\java\com\inclusive\adaptiveeducationservice\instrument\service\InstrumentQuestionService.java","10","@Service"
"C:\TEAC2026\ilp_backend\adaptive-education-service\src\main\java\com\inclusive\adaptiveeducationservice\instrument\service\InstrumentQuestionService.java","11","public class InstrumentQuestionService {"
"C:\TEAC2026\ilp_backend\adaptive-education-service\src\main\java\com\inclusive\adaptiveeducationservice\intervention\service\EducationalInterventionService.java","16","@Service"
"C:\TEAC2026\ilp_backend\adaptive-education-service\src\main\java\com\inclusive\adaptiveeducationservice\intervention\service\EducationalInterventionService.java","17","public class EducationalInterventionService {"
"C:\TEAC2026\ilp_backend\adaptive-education-service\src\main\java\com\inclusive\adaptiveeducationservice\mlmodels\service\MlExperimentQueryService.java","11","@Service"
"C:\TEAC2026\ilp_backend\adaptive-education-service\src\main\java\com\inclusive\adaptiveeducationservice\mlmodels\service\MlExperimentQueryService.java","12","public class MlExperimentQueryService {"
"C:\TEAC2026\ilp_backend\adaptive-education-service\src\main\java\com\inclusive\adaptiveeducationservice\mlmodels\service\RandomForestKolbService.java","15","@Service"
"C:\TEAC2026\ilp_backend\adaptive-education-service\src\main\java\com\inclusive\adaptiveeducationservice\mlmodels\service\RandomForestKolbService.java","16","public class RandomForestKolbService {"
"C:\TEAC2026\ilp_backend\adaptive-education-service\src\main\java\com\inclusive\adaptiveeducationservice\mlpipeline\service\KolbBaselineMlService.java","15","@Service"
"C:\TEAC2026\ilp_backend\adaptive-education-service\src\main\java\com\inclusive\adaptiveeducationservice\mlpipeline\service\KolbBaselineMlService.java","16","public class KolbBaselineMlService {"
"C:\TEAC2026\ilp_backend\adaptive-education-service\src\main\java\com\inclusive\adaptiveeducationservice\recommendation\service\EducationalRecommendationService.java","13","@Service"
"C:\TEAC2026\ilp_backend\adaptive-education-service\src\main\java\com\inclusive\adaptiveeducationservice\recommendation\service\EducationalRecommendationService.java","14","public class EducationalRecommendationService {"
"C:\TEAC2026\ilp_backend\adaptive-education-service\src\main\java\com\inclusive\adaptiveeducationservice\research\service\AccountabilityResponsibilityService.java","6","@Service"
"C:\TEAC2026\ilp_backend\adaptive-education-service\src\main\java\com\inclusive\adaptiveeducationservice\research\service\AccountabilityResponsibilityService.java","7","public class AccountabilityResponsibilityService {"
"C:\TEAC2026\ilp_backend\adaptive-education-service\src\main\java\com\inclusive\adaptiveeducationservice\research\service\ApiLifecycleGovernanceService.java","8","@Service"
"C:\TEAC2026\ilp_backend\adaptive-education-service\src\main\java\com\inclusive\adaptiveeducationservice\research\service\ApiLifecycleGovernanceService.java","9","public class ApiLifecycleGovernanceService {"
"C:\TEAC2026\ilp_backend\adaptive-education-service\src\main\java\com\inclusive\adaptiveeducationservice\research\service\ApiSecurityGovernanceService.java","8","@Service"
"C:\TEAC2026\ilp_backend\adaptive-education-service\src\main\java\com\inclusive\adaptiveeducationservice\research\service\ApiSecurityGovernanceService.java","9","public class ApiSecurityGovernanceService {"
"C:\TEAC2026\ilp_backend\adaptive-education-service\src\main\java\com\inclusive\adaptiveeducationservice\research\service\ApiVersioningReadinessService.java","8","@Service"
"C:\TEAC2026\ilp_backend\adaptive-education-service\src\main\java\com\inclusive\adaptiveeducationservice\research\service\ApiVersioningReadinessService.java","9","public class ApiVersioningReadinessService {"
"C:\TEAC2026\ilp_backend\adaptive-education-service\src\main\java\com\inclusive\adaptiveeducationservice\research\service\ArchitectureDecisionRecordsService.java","8","@Service"
"C:\TEAC2026\ilp_backend\adaptive-education-service\src\main\java\com\inclusive\adaptiveeducationservice\research\service\ArchitectureDecisionRecordsService.java","9","public class ArchitectureDecisionRecordsService {"
"C:\TEAC2026\ilp_backend\adaptive-education-service\src\main\java\com\inclusive\adaptiveeducationservice\research\service\ArchitectureDocumentationService.java","8","@Service"
"C:\TEAC2026\ilp_backend\adaptive-education-service\src\main\java\com\inclusive\adaptiveeducationservice\research\service\ArchitectureDocumentationService.java","9","public class ArchitectureDocumentationService {"
"C:\TEAC2026\ilp_backend\adaptive-education-service\src\main\java\com\inclusive\adaptiveeducationservice\research\service\ArchitectureEvaluationMatrixService.java","8","@Service"
"C:\TEAC2026\ilp_backend\adaptive-education-service\src\main\java\com\inclusive\adaptiveeducationservice\research\service\ArchitectureEvaluationMatrixService.java","9","public class ArchitectureEvaluationMatrixService {"
"C:\TEAC2026\ilp_backend\adaptive-education-service\src\main\java\com\inclusive\adaptiveeducationservice\research\service\ArchitectureRemediationRoadmapService.java","8","@Service"
"C:\TEAC2026\ilp_backend\adaptive-education-service\src\main\java\com\inclusive\adaptiveeducationservice\research\service\ArchitectureRemediationRoadmapService.java","9","public class ArchitectureRemediationRoadmapService {"
"C:\TEAC2026\ilp_backend\adaptive-education-service\src\main\java\com\inclusive\adaptiveeducationservice\research\service\BackendQualityComplianceService.java","8","@Service"
"C:\TEAC2026\ilp_backend\adaptive-education-service\src\main\java\com\inclusive\adaptiveeducationservice\research\service\BackendQualityComplianceService.java","9","public class BackendQualityComplianceService {"
"C:\TEAC2026\ilp_backend\adaptive-education-service\src\main\java\com\inclusive\adaptiveeducationservice\research\service\BiasFairnessResearchService.java","8","@Service"
"C:\TEAC2026\ilp_backend\adaptive-education-service\src\main\java\com\inclusive\adaptiveeducationservice\research\service\BiasFairnessResearchService.java","9","public class BiasFairnessResearchService {"
"C:\TEAC2026\ilp_backend\adaptive-education-service\src\main\java\com\inclusive\adaptiveeducationservice\research\service\BoundedContextModularDesignService.java","8","@Service"
"C:\TEAC2026\ilp_backend\adaptive-education-service\src\main\java\com\inclusive\adaptiveeducationservice\research\service\BoundedContextModularDesignService.java","9","public class BoundedContextModularDesignService {"
"C:\TEAC2026\ilp_backend\adaptive-education-service\src\main\java\com\inclusive\adaptiveeducationservice\research\service\CiCdPipelineReadinessService.java","8","@Service"
"C:\TEAC2026\ilp_backend\adaptive-education-service\src\main\java\com\inclusive\adaptiveeducationservice\research\service\CiCdPipelineReadinessService.java","9","public class CiCdPipelineReadinessService {"
"C:\TEAC2026\ilp_backend\adaptive-education-service\src\main\java\com\inclusive\adaptiveeducationservice\research\service\DependencyVulnerabilityScanService.java","8","@Service"
"C:\TEAC2026\ilp_backend\adaptive-education-service\src\main\java\com\inclusive\adaptiveeducationservice\research\service\DependencyVulnerabilityScanService.java","9","public class DependencyVulnerabilityScanService {"
"C:\TEAC2026\ilp_backend\adaptive-education-service\src\main\java\com\inclusive\adaptiveeducationservice\research\service\DeploymentHealthCheckService.java","8","@Service"
"C:\TEAC2026\ilp_backend\adaptive-education-service\src\main\java\com\inclusive\adaptiveeducationservice\research\service\DeploymentHealthCheckService.java","9","public class DeploymentHealthCheckService {"
"C:\TEAC2026\ilp_backend\adaptive-education-service\src\main\java\com\inclusive\adaptiveeducationservice\research\service\DeploymentReadinessService.java","8","@Service"
"C:\TEAC2026\ilp_backend\adaptive-education-service\src\main\java\com\inclusive\adaptiveeducationservice\research\service\DeploymentReadinessService.java","9","public class DeploymentReadinessService {"
"C:\TEAC2026\ilp_backend\adaptive-education-service\src\main\java\com\inclusive\adaptiveeducationservice\research\service\DevSecOpsQualityService.java","8","@Service"
"C:\TEAC2026\ilp_backend\adaptive-education-service\src\main\java\com\inclusive\adaptiveeducationservice\research\service\DevSecOpsQualityService.java","9","public class DevSecOpsQualityService {"
"C:\TEAC2026\ilp_backend\adaptive-education-service\src\main\java\com\inclusive\adaptiveeducationservice\research\service\DockerComposeDeploymentService.java","8","@Service"
"C:\TEAC2026\ilp_backend\adaptive-education-service\src\main\java\com\inclusive\adaptiveeducationservice\research\service\DockerComposeDeploymentService.java","9","public class DockerComposeDeploymentService {"
"C:\TEAC2026\ilp_backend\adaptive-education-service\src\main\java\com\inclusive\adaptiveeducationservice\research\service\DockerfileHardeningService.java","8","@Service"
"C:\TEAC2026\ilp_backend\adaptive-education-service\src\main\java\com\inclusive\adaptiveeducationservice\research\service\DockerfileHardeningService.java","9","public class DockerfileHardeningService {"
"C:\TEAC2026\ilp_backend\adaptive-education-service\src\main\java\com\inclusive\adaptiveeducationservice\research\service\DoctoralContributionService.java","8","@Service"
"C:\TEAC2026\ilp_backend\adaptive-education-service\src\main\java\com\inclusive\adaptiveeducationservice\research\service\DoctoralContributionService.java","9","public class DoctoralContributionService {"
"C:\TEAC2026\ilp_backend\adaptive-education-service\src\main\java\com\inclusive\adaptiveeducationservice\research\service\DoctoralEvidenceTraceabilityService.java","8","@Service"
"C:\TEAC2026\ilp_backend\adaptive-education-service\src\main\java\com\inclusive\adaptiveeducationservice\research\service\DoctoralEvidenceTraceabilityService.java","9","public class DoctoralEvidenceTraceabilityService {"
"C:\TEAC2026\ilp_backend\adaptive-education-service\src\main\java\com\inclusive\adaptiveeducationservice\research\service\DoctoralReviewPackageService.java","8","@Service"
"C:\TEAC2026\ilp_backend\adaptive-education-service\src\main\java\com\inclusive\adaptiveeducationservice\research\service\DoctoralReviewPackageService.java","9","public class DoctoralReviewPackageService {"
"C:\TEAC2026\ilp_backend\adaptive-education-service\src\main\java\com\inclusive\adaptiveeducationservice\research\service\DoctoralThesisReadinessService.java","8","@Service"
"C:\TEAC2026\ilp_backend\adaptive-education-service\src\main\java\com\inclusive\adaptiveeducationservice\research\service\DoctoralThesisReadinessService.java","9","public class DoctoralThesisReadinessService {"
"C:\TEAC2026\ilp_backend\adaptive-education-service\src\main\java\com\inclusive\adaptiveeducationservice\research\service\EducationalAdoptionReadinessService.java","8","@Service"
"C:\TEAC2026\ilp_backend\adaptive-education-service\src\main\java\com\inclusive\adaptiveeducationservice\research\service\EducationalAdoptionReadinessService.java","9","public class EducationalAdoptionReadinessService {"
"C:\TEAC2026\ilp_backend\adaptive-education-service\src\main\java\com\inclusive\adaptiveeducationservice\research\service\EducationalComplianceService.java","6","@Service"
"C:\TEAC2026\ilp_backend\adaptive-education-service\src\main\java\com\inclusive\adaptiveeducationservice\research\service\EducationalComplianceService.java","7","public class EducationalComplianceService {"
"C:\TEAC2026\ilp_backend\adaptive-education-service\src\main\java\com\inclusive\adaptiveeducationservice\research\service\EducationalDataProtectionService.java","8","@Service"
"C:\TEAC2026\ilp_backend\adaptive-education-service\src\main\java\com\inclusive\adaptiveeducationservice\research\service\EducationalDataProtectionService.java","9","public class EducationalDataProtectionService {"
"C:\TEAC2026\ilp_backend\adaptive-education-service\src\main\java\com\inclusive\adaptiveeducationservice\research\service\EducationalEvaluationMetricsService.java","8","@Service"
"C:\TEAC2026\ilp_backend\adaptive-education-service\src\main\java\com\inclusive\adaptiveeducationservice\research\service\EducationalEvaluationMetricsService.java","9","public class EducationalEvaluationMetricsService {"
"C:\TEAC2026\ilp_backend\adaptive-education-service\src\main\java\com\inclusive\adaptiveeducationservice\research\service\EducationalImpactService.java","8","@Service"
"C:\TEAC2026\ilp_backend\adaptive-education-service\src\main\java\com\inclusive\adaptiveeducationservice\research\service\EducationalImpactService.java","9","public class EducationalImpactService {"
"C:\TEAC2026\ilp_backend\adaptive-education-service\src\main\java\com\inclusive\adaptiveeducationservice\research\service\EducationalResilienceService.java","8","@Service"
"C:\TEAC2026\ilp_backend\adaptive-education-service\src\main\java\com\inclusive\adaptiveeducationservice\research\service\EducationalResilienceService.java","9","public class EducationalResilienceService {"
"C:\TEAC2026\ilp_backend\adaptive-education-service\src\main\java\com\inclusive\adaptiveeducationservice\research\service\EducationalRiskManagementService.java","8","@Service"
"C:\TEAC2026\ilp_backend\adaptive-education-service\src\main\java\com\inclusive\adaptiveeducationservice\research\service\EducationalRiskManagementService.java","9","public class EducationalRiskManagementService {"
"C:\TEAC2026\ilp_backend\adaptive-education-service\src\main\java\com\inclusive\adaptiveeducationservice\research\service\EducationalSustainabilityService.java","8","@Service"
"C:\TEAC2026\ilp_backend\adaptive-education-service\src\main\java\com\inclusive\adaptiveeducationservice\research\service\EducationalSustainabilityService.java","9","public class EducationalSustainabilityService {"
"C:\TEAC2026\ilp_backend\adaptive-education-service\src\main\java\com\inclusive\adaptiveeducationservice\research\service\EducationalTransparencyService.java","8","@Service"
"C:\TEAC2026\ilp_backend\adaptive-education-service\src\main\java\com\inclusive\adaptiveeducationservice\research\service\EducationalTransparencyService.java","9","public class EducationalTransparencyService {"
"C:\TEAC2026\ilp_backend\adaptive-education-service\src\main\java\com\inclusive\adaptiveeducationservice\research\service\EnterpriseArchitectureGovernanceService.java","8","@Service"
"C:\TEAC2026\ilp_backend\adaptive-education-service\src\main\java\com\inclusive\adaptiveeducationservice\research\service\EnterpriseArchitectureGovernanceService.java","9","public class EnterpriseArchitectureGovernanceService {"
"C:\TEAC2026\ilp_backend\adaptive-education-service\src\main\java\com\inclusive\adaptiveeducationservice\research\service\EthicsReadinessService.java","8","@Service"
"C:\TEAC2026\ilp_backend\adaptive-education-service\src\main\java\com\inclusive\adaptiveeducationservice\research\service\EthicsReadinessService.java","9","public class EthicsReadinessService {"
"C:\TEAC2026\ilp_backend\adaptive-education-service\src\main\java\com\inclusive\adaptiveeducationservice\research\service\ExperimentalResearchService.java","8","@Service"
"C:\TEAC2026\ilp_backend\adaptive-education-service\src\main\java\com\inclusive\adaptiveeducationservice\research\service\ExperimentalResearchService.java","9","public class ExperimentalResearchService {"
"C:\TEAC2026\ilp_backend\adaptive-education-service\src\main\java\com\inclusive\adaptiveeducationservice\research\service\ExpertValidationService.java","8","@Service"
"C:\TEAC2026\ilp_backend\adaptive-education-service\src\main\java\com\inclusive\adaptiveeducationservice\research\service\ExpertValidationService.java","9","public class ExpertValidationService {"
"C:\TEAC2026\ilp_backend\adaptive-education-service\src\main\java\com\inclusive\adaptiveeducationservice\research\service\ExplainabilityResearchService.java","8","@Service"
"C:\TEAC2026\ilp_backend\adaptive-education-service\src\main\java\com\inclusive\adaptiveeducationservice\research\service\ExplainabilityResearchService.java","9","public class ExplainabilityResearchService {"
"C:\TEAC2026\ilp_backend\adaptive-education-service\src\main\java\com\inclusive\adaptiveeducationservice\research\service\GovernanceResearchService.java","6","@Service"
"C:\TEAC2026\ilp_backend\adaptive-education-service\src\main\java\com\inclusive\adaptiveeducationservice\research\service\GovernanceResearchService.java","7","public class GovernanceResearchService {"
"C:\TEAC2026\ilp_backend\adaptive-education-service\src\main\java\com\inclusive\adaptiveeducationservice\research\service\HumanCenteredAssistanceService.java","6","@Service"
"C:\TEAC2026\ilp_backend\adaptive-education-service\src\main\java\com\inclusive\adaptiveeducationservice\research\service\HumanCenteredAssistanceService.java","7","public class HumanCenteredAssistanceService {"
"C:\TEAC2026\ilp_backend\adaptive-education-service\src\main\java\com\inclusive\adaptiveeducationservice\research\service\KubernetesReadinessService.java","8","@Service"
"C:\TEAC2026\ilp_backend\adaptive-education-service\src\main\java\com\inclusive\adaptiveeducationservice\research\service\KubernetesReadinessService.java","9","public class KubernetesReadinessService {"
"C:\TEAC2026\ilp_backend\adaptive-education-service\src\main\java\com\inclusive\adaptiveeducationservice\research\service\OpenApiArtifactExportService.java","8","@Service"
"C:\TEAC2026\ilp_backend\adaptive-education-service\src\main\java\com\inclusive\adaptiveeducationservice\research\service\OpenApiArtifactExportService.java","9","public class OpenApiArtifactExportService {"
"C:\TEAC2026\ilp_backend\adaptive-education-service\src\main\java\com\inclusive\adaptiveeducationservice\research\service\OpenApiContractComplianceService.java","8","@Service"
"C:\TEAC2026\ilp_backend\adaptive-education-service\src\main\java\com\inclusive\adaptiveeducationservice\research\service\OpenApiContractComplianceService.java","9","public class OpenApiContractComplianceService {"
"C:\TEAC2026\ilp_backend\adaptive-education-service\src\main\java\com\inclusive\adaptiveeducationservice\research\service\OpenApiGovernanceService.java","8","@Service"
"C:\TEAC2026\ilp_backend\adaptive-education-service\src\main\java\com\inclusive\adaptiveeducationservice\research\service\OpenApiGovernanceService.java","9","public class OpenApiGovernanceService {"
"C:\TEAC2026\ilp_backend\adaptive-education-service\src\main\java\com\inclusive\adaptiveeducationservice\research\service\OpenApiVersioningService.java","8","@Service"
"C:\TEAC2026\ilp_backend\adaptive-education-service\src\main\java\com\inclusive\adaptiveeducationservice\research\service\OpenApiVersioningService.java","9","public class OpenApiVersioningService {"
"C:\TEAC2026\ilp_backend\adaptive-education-service\src\main\java\com\inclusive\adaptiveeducationservice\research\service\OperationalObservabilityService.java","6","@Service"
"C:\TEAC2026\ilp_backend\adaptive-education-service\src\main\java\com\inclusive\adaptiveeducationservice\research\service\OperationalObservabilityService.java","7","public class OperationalObservabilityService {"
"C:\TEAC2026\ilp_backend\adaptive-education-service\src\main\java\com\inclusive\adaptiveeducationservice\research\service\PilotValidationReadinessService.java","8","@Service"
"C:\TEAC2026\ilp_backend\adaptive-education-service\src\main\java\com\inclusive\adaptiveeducationservice\research\service\PilotValidationReadinessService.java","9","public class PilotValidationReadinessService {"
"C:\TEAC2026\ilp_backend\adaptive-education-service\src\main\java\com\inclusive\adaptiveeducationservice\research\service\RepositoryHygieneService.java","8","@Service"
"C:\TEAC2026\ilp_backend\adaptive-education-service\src\main\java\com\inclusive\adaptiveeducationservice\research\service\RepositoryHygieneService.java","9","public class RepositoryHygieneService {"
"C:\TEAC2026\ilp_backend\adaptive-education-service\src\main\java\com\inclusive\adaptiveeducationservice\research\service\ResearchInstrumentsValidationService.java","8","@Service"
"C:\TEAC2026\ilp_backend\adaptive-education-service\src\main\java\com\inclusive\adaptiveeducationservice\research\service\ResearchInstrumentsValidationService.java","9","public class ResearchInstrumentsValidationService {"
"C:\TEAC2026\ilp_backend\adaptive-education-service\src\main\java\com\inclusive\adaptiveeducationservice\research\service\SecretsGovernanceService.java","8","@Service"
"C:\TEAC2026\ilp_backend\adaptive-education-service\src\main\java\com\inclusive\adaptiveeducationservice\research\service\SecretsGovernanceService.java","9","public class SecretsGovernanceService {"
"C:\TEAC2026\ilp_backend\adaptive-education-service\src\main\java\com\inclusive\adaptiveeducationservice\research\service\SecureRuntimeConfigurationService.java","8","@Service"
"C:\TEAC2026\ilp_backend\adaptive-education-service\src\main\java\com\inclusive\adaptiveeducationservice\research\service\SecureRuntimeConfigurationService.java","9","public class SecureRuntimeConfigurationService {"
"C:\TEAC2026\ilp_backend\adaptive-education-service\src\main\java\com\inclusive\adaptiveeducationservice\research\service\TrustworthinessResearchService.java","6","@Service"
"C:\TEAC2026\ilp_backend\adaptive-education-service\src\main\java\com\inclusive\adaptiveeducationservice\research\service\TrustworthinessResearchService.java","7","public class TrustworthinessResearchService {"
"C:\TEAC2026\ilp_backend\adaptive-education-service\src\main\java\com\inclusive\adaptiveeducationservice\research\service\ValidationReportPreviewService.java","8","@Service"
"C:\TEAC2026\ilp_backend\adaptive-education-service\src\main\java\com\inclusive\adaptiveeducationservice\research\service\ValidationReportPreviewService.java","9","public class ValidationReportPreviewService {"
"C:\TEAC2026\ilp_backend\adaptive-education-service\src\main\java\com\inclusive\adaptiveeducationservice\research\service\ValidationResearchService.java","8","@Service"
"C:\TEAC2026\ilp_backend\adaptive-education-service\src\main\java\com\inclusive\adaptiveeducationservice\research\service\ValidationResearchService.java","9","public class ValidationResearchService {"
"C:\TEAC2026\ilp_backend\adaptive-education-service\src\main\java\com\inclusive\adaptiveeducationservice\researchanalytics\service\ResearchAnalyticsService.java","13","@Service"
"C:\TEAC2026\ilp_backend\adaptive-education-service\src\main\java\com\inclusive\adaptiveeducationservice\researchanalytics\service\ResearchAnalyticsService.java","14","public class ResearchAnalyticsService {"
"C:\TEAC2026\ilp_backend\adaptive-education-service\src\main\java\com\inclusive\adaptiveeducationservice\student\service\StudentProfileService.java","12","@Service"
"C:\TEAC2026\ilp_backend\adaptive-education-service\src\main\java\com\inclusive\adaptiveeducationservice\student\service\StudentProfileService.java","13","public class StudentProfileService {"
"C:\TEAC2026\ilp_backend\adaptive-education-service\src\test\java\com\inclusive\adaptiveeducationservice\assessmentdefinition\service\AssessmentDefinitionServiceTest.java","14","class AssessmentDefinitionServiceTest {"
"C:\TEAC2026\ilp_backend\adaptive-education-service\src\test\java\com\inclusive\adaptiveeducationservice\assessmenthistory\service\AssessmentHistoryServiceTest.java","16","class AssessmentHistoryServiceTest {"
"C:\TEAC2026\ilp_backend\adaptive-education-service\src\test\java\com\inclusive\adaptiveeducationservice\assessmentresponse\service\AssessmentResponseServiceTest.java","18","class AssessmentResponseServiceTest {"
"C:\TEAC2026\ilp_backend\adaptive-education-service\src\test\java\com\inclusive\adaptiveeducationservice\dataset\service\EducationalDatasetServiceTest.java","14","class EducationalDatasetServiceTest {"
"C:\TEAC2026\ilp_backend\adaptive-education-service\src\test\java\com\inclusive\adaptiveeducationservice\education\service\EducationalSupportServiceTest.java","7","class EducationalSupportServiceTest {"
"C:\TEAC2026\ilp_backend\adaptive-education-service\src\test\java\com\inclusive\adaptiveeducationservice\featurestore\service\FeatureStoreServiceTest.java","16","class FeatureStoreServiceTest {"
"C:\TEAC2026\ilp_backend\adaptive-education-service\src\test\java\com\inclusive\adaptiveeducationservice\instrument\service\InstrumentQuestionServiceTest.java","13","class InstrumentQuestionServiceTest {"
"C:\TEAC2026\ilp_backend\adaptive-education-service\src\test\java\com\inclusive\adaptiveeducationservice\mlmodels\service\RandomForestKolbServiceTest.java","18","class RandomForestKolbServiceTest {"
"C:\TEAC2026\ilp_backend\adaptive-education-service\src\test\java\com\inclusive\adaptiveeducationservice\mlpipeline\service\KolbBaselineMlServiceTest.java","14","class KolbBaselineMlServiceTest {"
"C:\TEAC2026\ilp_backend\adaptive-education-service\src\test\java\com\inclusive\adaptiveeducationservice\recommendation\service\EducationalRecommendationServiceTest.java","14","class EducationalRecommendationServiceTest {"
"C:\TEAC2026\ilp_backend\adaptive-education-service\src\test\java\com\inclusive\adaptiveeducationservice\research\service\ApiLifecycleGovernanceServiceTest.java","7","class ApiLifecycleGovernanceServiceTest {"
"C:\TEAC2026\ilp_backend\adaptive-education-service\src\test\java\com\inclusive\adaptiveeducationservice\research\service\ApiSecurityGovernanceServiceTest.java","7","class ApiSecurityGovernanceServiceTest {"
"C:\TEAC2026\ilp_backend\adaptive-education-service\src\test\java\com\inclusive\adaptiveeducationservice\research\service\ArchitectureDecisionRecordsServiceTest.java","7","class ArchitectureDecisionRecordsServiceTest {"
"C:\TEAC2026\ilp_backend\adaptive-education-service\src\test\java\com\inclusive\adaptiveeducationservice\research\service\ArchitectureDocumentationServiceTest.java","7","class ArchitectureDocumentationServiceTest {"
"C:\TEAC2026\ilp_backend\adaptive-education-service\src\test\java\com\inclusive\adaptiveeducationservice\research\service\ArchitectureEvaluationMatrixServiceTest.java","7","class ArchitectureEvaluationMatrixServiceTest {"
"C:\TEAC2026\ilp_backend\adaptive-education-service\src\test\java\com\inclusive\adaptiveeducationservice\research\service\ArchitectureRemediationRoadmapServiceTest.java","7","class ArchitectureRemediationRoadmapServiceTest {"
"C:\TEAC2026\ilp_backend\adaptive-education-service\src\test\java\com\inclusive\adaptiveeducationservice\research\service\BoundedContextModularDesignServiceTest.java","7","class BoundedContextModularDesignServiceTest {"
"C:\TEAC2026\ilp_backend\adaptive-education-service\src\test\java\com\inclusive\adaptiveeducationservice\research\service\CiCdPipelineReadinessServiceTest.java","7","class CiCdPipelineReadinessServiceTest {"
"C:\TEAC2026\ilp_backend\adaptive-education-service\src\test\java\com\inclusive\adaptiveeducationservice\research\service\DependencyVulnerabilityScanServiceTest.java","7","class DependencyVulnerabilityScanServiceTest {"
"C:\TEAC2026\ilp_backend\adaptive-education-service\src\test\java\com\inclusive\adaptiveeducationservice\research\service\DeploymentHealthCheckServiceTest.java","7","class DeploymentHealthCheckServiceTest {"
"C:\TEAC2026\ilp_backend\adaptive-education-service\src\test\java\com\inclusive\adaptiveeducationservice\research\service\DeploymentReadinessServiceTest.java","7","class DeploymentReadinessServiceTest {"
"C:\TEAC2026\ilp_backend\adaptive-education-service\src\test\java\com\inclusive\adaptiveeducationservice\research\service\DevSecOpsQualityServiceTest.java","7","class DevSecOpsQualityServiceTest {"
"C:\TEAC2026\ilp_backend\adaptive-education-service\src\test\java\com\inclusive\adaptiveeducationservice\research\service\DockerComposeDeploymentServiceTest.java","7","class DockerComposeDeploymentServiceTest {"
"C:\TEAC2026\ilp_backend\adaptive-education-service\src\test\java\com\inclusive\adaptiveeducationservice\research\service\DockerfileHardeningServiceTest.java","7","class DockerfileHardeningServiceTest {"
"C:\TEAC2026\ilp_backend\adaptive-education-service\src\test\java\com\inclusive\adaptiveeducationservice\research\service\EnterpriseArchitectureGovernanceServiceTest.java","7","class EnterpriseArchitectureGovernanceServiceTest {"
"C:\TEAC2026\ilp_backend\adaptive-education-service\src\test\java\com\inclusive\adaptiveeducationservice\research\service\EthicsReadinessServiceTest.java","7","class EthicsReadinessServiceTest {"
"C:\TEAC2026\ilp_backend\adaptive-education-service\src\test\java\com\inclusive\adaptiveeducationservice\research\service\ExpertValidationServiceTest.java","7","class ExpertValidationServiceTest {"
"C:\TEAC2026\ilp_backend\adaptive-education-service\src\test\java\com\inclusive\adaptiveeducationservice\research\service\KubernetesReadinessServiceTest.java","7","class KubernetesReadinessServiceTest {"
"C:\TEAC2026\ilp_backend\adaptive-education-service\src\test\java\com\inclusive\adaptiveeducationservice\research\service\OpenApiArtifactExportServiceTest.java","7","class OpenApiArtifactExportServiceTest {"
"C:\TEAC2026\ilp_backend\adaptive-education-service\src\test\java\com\inclusive\adaptiveeducationservice\research\service\OpenApiGovernanceServiceTest.java","7","class OpenApiGovernanceServiceTest {"
"C:\TEAC2026\ilp_backend\adaptive-education-service\src\test\java\com\inclusive\adaptiveeducationservice\research\service\OpenApiVersioningServiceTest.java","7","class OpenApiVersioningServiceTest {"
"C:\TEAC2026\ilp_backend\adaptive-education-service\src\test\java\com\inclusive\adaptiveeducationservice\research\service\RepositoryHygieneServiceTest.java","7","class RepositoryHygieneServiceTest {"
"C:\TEAC2026\ilp_backend\adaptive-education-service\src\test\java\com\inclusive\adaptiveeducationservice\research\service\ResearchInstrumentsValidationServiceTest.java","7","class ResearchInstrumentsValidationServiceTest {"
"C:\TEAC2026\ilp_backend\adaptive-education-service\src\test\java\com\inclusive\adaptiveeducationservice\research\service\SecretsGovernanceServiceTest.java","7","class SecretsGovernanceServiceTest {"
"C:\TEAC2026\ilp_backend\adaptive-education-service\src\test\java\com\inclusive\adaptiveeducationservice\research\service\SecureRuntimeConfigurationServiceTest.java","7","class SecureRuntimeConfigurationServiceTest {"
"C:\TEAC2026\ilp_backend\adaptive-education-service\src\test\java\com\inclusive\adaptiveeducationservice\researchanalytics\service\ResearchAnalyticsServiceTest.java","14","class ResearchAnalyticsServiceTest {"
"C:\TEAC2026\ilp_backend\adaptive-education-service\src\test\java\com\inclusive\adaptiveeducationservice\student\service\StudentProfileServiceTest.java","14","class StudentProfileServiceTest {"
"C:\TEAC2026\ilp_backend\assessment-service\src\main\java\com\inclusive\assessmentservice\AssessmentServiceApplication.java","7","public class AssessmentServiceApplication {"
"C:\TEAC2026\ilp_backend\assessment-service\src\main\java\com\inclusive\assessmentservice\domain\assessment\service\AssessmentServiceImpl.java","5","@Service"
"C:\TEAC2026\ilp_backend\assessment-service\src\main\java\com\inclusive\assessmentservice\domain\assessment\service\AssessmentServiceImpl.java","6","public class AssessmentServiceImpl {"
"C:\TEAC2026\ilp_backend\auth-service\legacy-tests\UserAccountServiceTest.java","11","class UserAccountServiceTest {"
"C:\TEAC2026\ilp_backend\auth-service\src\main\java\com\inclusive\authservice\AuthServiceApplication.java","12","public class AuthServiceApplication {"
"C:\TEAC2026\ilp_backend\auth-service\src\main\java\com\inclusive\authservice\auth\service\impl\AuthServiceImpl.java","17","@Service"
"C:\TEAC2026\ilp_backend\auth-service\src\main\java\com\inclusive\authservice\auth\service\impl\AuthServiceImpl.java","19","public class AuthServiceImpl implements AuthService {"
"C:\TEAC2026\ilp_backend\auth-service\src\main\java\com\inclusive\authservice\events\application\AssessmentCompletedEventPublisher.java","8","@Service"
"C:\TEAC2026\ilp_backend\auth-service\src\main\java\com\inclusive\authservice\events\outbox\service\OutboxEventService.java","13","@Service"
"C:\TEAC2026\ilp_backend\auth-service\src\main\java\com\inclusive\authservice\events\outbox\service\OutboxEventService.java","15","public class OutboxEventService {"
"C:\TEAC2026\ilp_backend\auth-service\src\main\java\com\inclusive\authservice\security\jwt\impl\JwtServiceImpl.java","15","@Service"
"C:\TEAC2026\ilp_backend\auth-service\src\main\java\com\inclusive\authservice\security\jwt\impl\JwtServiceImpl.java","17","public class JwtServiceImpl implements JwtService {"
"C:\TEAC2026\ilp_backend\auth-service\src\main\java\com\inclusive\authservice\security\mfa\MfaServiceImpl.java","7","@Service"
"C:\TEAC2026\ilp_backend\auth-service\src\main\java\com\inclusive\authservice\security\mfa\MfaServiceImpl.java","8","public class MfaServiceImpl implements MfaService {"
"C:\TEAC2026\ilp_backend\auth-service\src\main\java\com\inclusive\authservice\service\authorization\impl\PermissionServiceImpl.java","14","@Service"
"C:\TEAC2026\ilp_backend\auth-service\src\main\java\com\inclusive\authservice\service\authorization\impl\PermissionServiceImpl.java","16","public class PermissionServiceImpl implements PermissionService {"
"C:\TEAC2026\ilp_backend\auth-service\src\main\java\com\inclusive\authservice\service\authorization\impl\RefreshTokenServiceImpl.java","14","@Service"
"C:\TEAC2026\ilp_backend\auth-service\src\main\java\com\inclusive\authservice\service\authorization\impl\RefreshTokenServiceImpl.java","16","public class RefreshTokenServiceImpl implements RefreshTokenService {"
"C:\TEAC2026\ilp_backend\auth-service\src\main\java\com\inclusive\authservice\service\authorization\impl\RolePermissionServiceImpl.java","16","@Service"
"C:\TEAC2026\ilp_backend\auth-service\src\main\java\com\inclusive\authservice\service\authorization\impl\RolePermissionServiceImpl.java","18","public class RolePermissionServiceImpl implements RolePermissionService {"
"C:\TEAC2026\ilp_backend\auth-service\src\main\java\com\inclusive\authservice\service\authorization\impl\RoleServiceImpl.java","14","@Service"
"C:\TEAC2026\ilp_backend\auth-service\src\main\java\com\inclusive\authservice\service\authorization\impl\RoleServiceImpl.java","16","public class RoleServiceImpl implements RoleService {"
"C:\TEAC2026\ilp_backend\auth-service\src\main\java\com\inclusive\authservice\service\authorization\impl\UserRoleServiceImpl.java","13","@Service"
"C:\TEAC2026\ilp_backend\auth-service\src\main\java\com\inclusive\authservice\service\authorization\impl\UserRoleServiceImpl.java","15","public class UserRoleServiceImpl implements UserRoleService {"
"C:\TEAC2026\ilp_backend\auth-service\src\main\java\com\inclusive\authservice\service\impl\UserAccountServiceImpl.java","13","public class UserAccountServiceImpl {"
"C:\TEAC2026\ilp_backend\auth-service\src\test\java\com\inclusive\authservice\contracts\AuthServiceEventConsumerContractTest.java","14","class AuthServiceEventConsumerContractTest {"
"C:\TEAC2026\ilp_backend\commons-service\src\main\java\com\inclusive\common\domain\student\StudentServiceImpl.java","9","@Service"
"C:\TEAC2026\ilp_backend\commons-service\src\main\java\com\inclusive\common\domain\student\StudentServiceImpl.java","11","public class StudentServiceImpl implements StudentService {"
"C:\TEAC2026\ilp_backend\commons-service\src\main\java\com\inclusive\learning\commons\CommonsServiceApplication.java","7","public class CommonsServiceApplication {"
"C:\TEAC2026\ilp_backend\commons-service\src\main\java\com\inclusive\learning\commons\controller\CommonsServiceController.java","7","public class CommonsServiceController {"
"C:\TEAC2026\ilp_backend\commons-service\src\main\java\com\inclusive\learning\commons\entity\service\impl\ResourceServiceImpl.java","11","@Service"
"C:\TEAC2026\ilp_backend\commons-service\src\main\java\com\inclusive\learning\commons\entity\service\impl\ResourceServiceImpl.java","12","public class ResourceServiceImpl implements ResourceService {"
"C:\TEAC2026\ilp_backend\commons-service\src\main\java\com\inclusive\learning\commons\service\impl\CommonResourceServiceImpl.java","12","@Service"
"C:\TEAC2026\ilp_backend\commons-service\src\main\java\com\inclusive\learning\commons\service\impl\CommonResourceServiceImpl.java","13","public class CommonResourceServiceImpl implements CommonResourceService {"
"C:\TEAC2026\ilp_backend\educational-diagnosis-service\src\main\java\com\inclusive\diagnosis\EducationalDiagnosisServiceApplication.java","7","public class EducationalDiagnosisServiceApplication {"
"C:\TEAC2026\ilp_backend\educational-diagnosis-service\src\main\java\com\inclusive\diagnosis\analytics\service\AdaptivePiarPlanService.java","13","@Service"
"C:\TEAC2026\ilp_backend\educational-diagnosis-service\src\main\java\com\inclusive\diagnosis\analytics\service\AdaptivePiarPlanService.java","15","public class AdaptivePiarPlanService {"
"C:\TEAC2026\ilp_backend\educational-diagnosis-service\src\main\java\com\inclusive\diagnosis\analytics\service\AdaptiveRecommendationPreviewService.java","12","@Service"
"C:\TEAC2026\ilp_backend\educational-diagnosis-service\src\main\java\com\inclusive\diagnosis\analytics\service\AdaptiveRecommendationPreviewService.java","14","public class AdaptiveRecommendationPreviewService {"
"C:\TEAC2026\ilp_backend\educational-diagnosis-service\src\main\java\com\inclusive\diagnosis\analytics\service\AdaptiveSupportProfileService.java","14","@Service"
"C:\TEAC2026\ilp_backend\educational-diagnosis-service\src\main\java\com\inclusive\diagnosis\analytics\service\AdaptiveSupportProfileService.java","16","public class AdaptiveSupportProfileService {"
"C:\TEAC2026\ilp_backend\educational-diagnosis-service\src\main\java\com\inclusive\diagnosis\analytics\service\ClassroomInclusionIntelligenceService.java","11","@Service"
"C:\TEAC2026\ilp_backend\educational-diagnosis-service\src\main\java\com\inclusive\diagnosis\analytics\service\ClassroomInclusionIntelligenceService.java","13","public class ClassroomInclusionIntelligenceService {"
"C:\TEAC2026\ilp_backend\educational-diagnosis-service\src\main\java\com\inclusive\diagnosis\analytics\service\EarlySupportAlertService.java","14","@Service"
"C:\TEAC2026\ilp_backend\educational-diagnosis-service\src\main\java\com\inclusive\diagnosis\analytics\service\EarlySupportAlertService.java","16","public class EarlySupportAlertService {"
"C:\TEAC2026\ilp_backend\educational-diagnosis-service\src\main\java\com\inclusive\diagnosis\analytics\service\EducationalFeatureStorePreviewService.java","9","@Service"
"C:\TEAC2026\ilp_backend\educational-diagnosis-service\src\main\java\com\inclusive\diagnosis\analytics\service\EducationalFeatureStorePreviewService.java","11","public class EducationalFeatureStorePreviewService {"
"C:\TEAC2026\ilp_backend\educational-diagnosis-service\src\main\java\com\inclusive\diagnosis\analytics\service\EducationalMlDatasetPreviewService.java","9","@Service"
"C:\TEAC2026\ilp_backend\educational-diagnosis-service\src\main\java\com\inclusive\diagnosis\analytics\service\EducationalMlDatasetPreviewService.java","11","public class EducationalMlDatasetPreviewService {"
"C:\TEAC2026\ilp_backend\educational-diagnosis-service\src\main\java\com\inclusive\diagnosis\analytics\service\EducationalRiskService.java","13","@Service"
"C:\TEAC2026\ilp_backend\educational-diagnosis-service\src\main\java\com\inclusive\diagnosis\analytics\service\EducationalRiskService.java","15","public class EducationalRiskService {"
"C:\TEAC2026\ilp_backend\educational-diagnosis-service\src\main\java\com\inclusive\diagnosis\analytics\service\EvidenceTraceabilityService.java","14","@Service"
"C:\TEAC2026\ilp_backend\educational-diagnosis-service\src\main\java\com\inclusive\diagnosis\analytics\service\EvidenceTraceabilityService.java","16","public class EvidenceTraceabilityService {"
"C:\TEAC2026\ilp_backend\educational-diagnosis-service\src\main\java\com\inclusive\diagnosis\analytics\service\InstitutionalGovernanceService.java","12","@Service"
"C:\TEAC2026\ilp_backend\educational-diagnosis-service\src\main\java\com\inclusive\diagnosis\analytics\service\InstitutionalGovernanceService.java","14","public class InstitutionalGovernanceService {"
"C:\TEAC2026\ilp_backend\educational-diagnosis-service\src\main\java\com\inclusive\diagnosis\analytics\service\InstitutionalPolicyRecommendationService.java","11","@Service"
"C:\TEAC2026\ilp_backend\educational-diagnosis-service\src\main\java\com\inclusive\diagnosis\analytics\service\InstitutionalPolicyRecommendationService.java","13","public class InstitutionalPolicyRecommendationService {"
"C:\TEAC2026\ilp_backend\educational-diagnosis-service\src\main\java\com\inclusive\diagnosis\analytics\service\InterventionOrchestrationPreviewService.java","12","@Service"
"C:\TEAC2026\ilp_backend\educational-diagnosis-service\src\main\java\com\inclusive\diagnosis\analytics\service\InterventionOrchestrationPreviewService.java","14","public class InterventionOrchestrationPreviewService {"
"C:\TEAC2026\ilp_backend\educational-diagnosis-service\src\main\java\com\inclusive\diagnosis\analytics\service\LearningEvolutionService.java","10","@Service"
"C:\TEAC2026\ilp_backend\educational-diagnosis-service\src\main\java\com\inclusive\diagnosis\analytics\service\LearningEvolutionService.java","12","public class LearningEvolutionService {"
"C:\TEAC2026\ilp_backend\educational-diagnosis-service\src\main\java\com\inclusive\diagnosis\analytics\service\LearningProfileAggregationService.java","13","@Service"
"C:\TEAC2026\ilp_backend\educational-diagnosis-service\src\main\java\com\inclusive\diagnosis\analytics\service\LearningProfileAggregationService.java","15","public class LearningProfileAggregationService {"
"C:\TEAC2026\ilp_backend\educational-diagnosis-service\src\main\java\com\inclusive\diagnosis\analytics\service\PolicyLearningPreviewService.java","11","@Service"
"C:\TEAC2026\ilp_backend\educational-diagnosis-service\src\main\java\com\inclusive\diagnosis\analytics\service\PolicyLearningPreviewService.java","13","public class PolicyLearningPreviewService {"
"C:\TEAC2026\ilp_backend\educational-diagnosis-service\src\main\java\com\inclusive\diagnosis\analytics\service\PriorityRecommendationService.java","14","@Service"
"C:\TEAC2026\ilp_backend\educational-diagnosis-service\src\main\java\com\inclusive\diagnosis\analytics\service\PriorityRecommendationService.java","16","public class PriorityRecommendationService {"
"C:\TEAC2026\ilp_backend\educational-diagnosis-service\src\main\java\com\inclusive\diagnosis\analytics\service\PsychopedagogicalProfileService.java","11","@Service"
"C:\TEAC2026\ilp_backend\educational-diagnosis-service\src\main\java\com\inclusive\diagnosis\analytics\service\PsychopedagogicalProfileService.java","13","public class PsychopedagogicalProfileService {"
"C:\TEAC2026\ilp_backend\educational-diagnosis-service\src\main\java\com\inclusive\diagnosis\analytics\service\ReinforcementSignalPreviewService.java","11","@Service"
"C:\TEAC2026\ilp_backend\educational-diagnosis-service\src\main\java\com\inclusive\diagnosis\analytics\service\ReinforcementSignalPreviewService.java","13","public class ReinforcementSignalPreviewService {"
"C:\TEAC2026\ilp_backend\educational-diagnosis-service\src\main\java\com\inclusive\diagnosis\analytics\service\SupportEvolutionService.java","11","@Service"
"C:\TEAC2026\ilp_backend\educational-diagnosis-service\src\main\java\com\inclusive\diagnosis\analytics\service\SupportEvolutionService.java","13","public class SupportEvolutionService {"
"C:\TEAC2026\ilp_backend\educational-diagnosis-service\src\main\java\com\inclusive\diagnosis\analytics\service\SupportForecastPreviewService.java","11","@Service"
"C:\TEAC2026\ilp_backend\educational-diagnosis-service\src\main\java\com\inclusive\diagnosis\analytics\service\SupportForecastPreviewService.java","13","public class SupportForecastPreviewService {"
"C:\TEAC2026\ilp_backend\educational-diagnosis-service\src\main\java\com\inclusive\diagnosis\analytics\service\TeacherActionPlanService.java","12","@Service"
"C:\TEAC2026\ilp_backend\educational-diagnosis-service\src\main\java\com\inclusive\diagnosis\analytics\service\TeacherActionPlanService.java","14","public class TeacherActionPlanService {"
"C:\TEAC2026\ilp_backend\educational-diagnosis-service\src\main\java\com\inclusive\diagnosis\analytics\service\TemporalEducationalSequenceService.java","13","@Service"
"C:\TEAC2026\ilp_backend\educational-diagnosis-service\src\main\java\com\inclusive\diagnosis\analytics\service\TemporalEducationalSequenceService.java","15","public class TemporalEducationalSequenceService {"
"C:\TEAC2026\ilp_backend\educational-diagnosis-service\src\main\java\com\inclusive\diagnosis\engine\service\EducationalRuleEngineService.java","15","@Service"
"C:\TEAC2026\ilp_backend\educational-diagnosis-service\src\main\java\com\inclusive\diagnosis\engine\service\EducationalRuleEngineService.java","17","public class EducationalRuleEngineService {"
"C:\TEAC2026\ilp_backend\gateway-service\src\main\java\com\inclusive\gatewayservice\GatewayServiceApplication.java","7","public class GatewayServiceApplication {"
"C:\TEAC2026\ilp_backend\monitoring-service\src\main\java\com\inclusive\monitoringservice\MonitoringServiceApplication.java","7","public class MonitoringServiceApplication {"
"C:\TEAC2026\ilp_backend\monitoring-service\src\main\java\com\inclusive\monitoringservice\service\impl\MonitoringEventServiceImpl.java","16","@Service"
"C:\TEAC2026\ilp_backend\monitoring-service\src\main\java\com\inclusive\monitoringservice\service\impl\MonitoringEventServiceImpl.java","18","public class MonitoringEventServiceImpl implements MonitoringEventService {"
"C:\TEAC2026\ilp_backend\notification-service\src\main\java\com\inclusive\notificationservice\NotificationServiceApplication.java","7","public class NotificationServiceApplication {"
"C:\TEAC2026\ilp_backend\notification-service\src\main\java\com\inclusive\notificationservice\domain\notification\NotificationServiceImpl.java","7","@Service"
"C:\TEAC2026\ilp_backend\notification-service\src\main\java\com\inclusive\notificationservice\domain\notification\NotificationServiceImpl.java","9","public class NotificationServiceImpl implements NotificationService {"
"C:\TEAC2026\ilp_backend\notification-service\src\main\java\com\inclusive\notificationservice\service\NotificationServiceImpl.java","7","@Service"
"C:\TEAC2026\ilp_backend\notification-service\src\main\java\com\inclusive\notificationservice\service\NotificationServiceImpl.java","8","public class NotificationServiceImpl implements NotificationService {"
"C:\TEAC2026\ilp_backend\report-service\src\main\java\com\inclusive\reportservice\ReportServiceApplication.java","7","public class ReportServiceApplication {"
"C:\TEAC2026\ilp_backend\report-service\src\main\java\com\inclusive\reportservice\service\impl\ReportJobServiceImpl.java","16","@Service"
"C:\TEAC2026\ilp_backend\report-service\src\main\java\com\inclusive\reportservice\service\impl\ReportJobServiceImpl.java","18","public class ReportJobServiceImpl implements ReportJobService {"
"C:\TEAC2026\ilp_backend\student-service\src\main\java\com\inclusive\studentservice\StudentServiceApplication.java","23","public class StudentServiceApplication {"
"C:\TEAC2026\ilp_backend\student-service\src\main\java\com\inclusive\studentservice\service\StudentServiceImpl.java","9","@Service(""studentServiceLocal"")"
"C:\TEAC2026\ilp_backend\student-service\src\main\java\com\inclusive\studentservice\service\StudentServiceImpl.java","10","public class StudentServiceImpl implements StudentService {"
"C:\TEAC2026\ilp_backend\tenant-service\src\main\java\com\inclusive\tenantservice\TenantServiceApplication.java","7","public class TenantServiceApplication {"
"C:\TEAC2026\ilp_backend\tenant-service\src\main\java\com\inclusive\tenantservice\service\impl\TenantServiceImpl.java","16","@Service"
"C:\TEAC2026\ilp_backend\tenant-service\src\main\java\com\inclusive\tenantservice\service\impl\TenantServiceImpl.java","18","public class TenantServiceImpl implements TenantService {"
