"RelativePath","Length","LastWriteTime"
"adaptive-education-service\src\main\java\com\inclusive\adaptiveeducationservice\api\assessment\KolbAssessmentController.java","1732","18/06/2026 8:15:48 a. m."
"adaptive-education-service\src\main\java\com\inclusive\adaptiveeducationservice\api\mlmodels\RandomForestKolbController.java","915","18/06/2026 8:15:48 a. m."
"adaptive-education-service\src\main\java\com\inclusive\adaptiveeducationservice\api\mlpipeline\KolbMlPipelineController.java","957","18/06/2026 8:15:48 a. m."
"adaptive-education-service\src\main\java\com\inclusive\adaptiveeducationservice\assessment\dto\KolbAssessmentRequest.java","416","18/06/2026 8:15:48 a. m."
"adaptive-education-service\src\main\java\com\inclusive\adaptiveeducationservice\assessment\dto\KolbAssessmentResponse.java","412","18/06/2026 8:15:48 a. m."
"adaptive-education-service\src\main\java\com\inclusive\adaptiveeducationservice\assessment\entity\KolbAssessmentResultEntity.java","2956","18/06/2026 8:15:48 a. m."
"adaptive-education-service\src\main\java\com\inclusive\adaptiveeducationservice\assessment\repository\KolbAssessmentResultRepository.java","491","18/06/2026 8:15:48 a. m."
"adaptive-education-service\src\main\java\com\inclusive\adaptiveeducationservice\assessment\service\KolbAssessmentEngine.java","2463","18/06/2026 8:15:48 a. m."
"adaptive-education-service\src\main\java\com\inclusive\adaptiveeducationservice\assessment\service\KolbAssessmentService.java","3605","18/06/2026 8:15:48 a. m."
"adaptive-education-service\src\main\java\com\inclusive\adaptiveeducationservice\featurestore\extractor\KolbFeatureExtractor.java","2170","18/06/2026 8:15:48 a. m."
"adaptive-education-service\src\main\java\com\inclusive\adaptiveeducationservice\mlmodels\service\RandomForestKolbService.java","3870","18/06/2026 8:15:48 a. m."
"adaptive-education-service\src\main\java\com\inclusive\adaptiveeducationservice\mlpipeline\dto\KolbBaselineEvaluationResponse.java","565","18/06/2026 8:15:48 a. m."
"adaptive-education-service\src\main\java\com\inclusive\adaptiveeducationservice\mlpipeline\service\KolbBaselineMlService.java","3586","18/06/2026 8:15:48 a. m."
"adaptive-education-service\src\main\java\com\inclusive\adaptiveeducationservice\researchanalytics\dto\KolbDistributionResponse.java","220","18/06/2026 8:15:48 a. m."
"adaptive-education-service\src\main\java\com\inclusive\adaptiveeducationservice\researchanalytics\dto\KolbStatisticsResponse.java","260","18/06/2026 8:15:48 a. m."
